{"cha": 6278, "han": 1357, "anc": 6490, "nce": 9538, "ced": 2774, "ede": 21072, "dep": 5288, "epa": 7046, "pai": 686, "aix": 246, "xle": 407, "les": 32798, "esn": 1950, "sn\u00e9": 252, "n\u00e9g": 236, "\u00e9go": 210, "oci": 831, "cia": 850, "iat": 634, "ati": 8805, "tio": 12971, "ion": 17951, "ons": 13852, "nse": 5494, "sen": 8958, "ent": 35673, "ntr": 7025, "tre": 16433, "rev": 1500, "evi": 2769, "vie": 2920, "ien": 13649, "enn": 1946, "nne": 6320, "nej": 312, "eju": 761, "jui": 281, "uil": 7011, "ill": 9147, "lle": 19532, "let": 4283, "eto": 4020, "ton": 2290, "ona": 3615, "nap": 1099, "app": 3875, "ppr": 1036, "pre": 5015, "ren": 8600, "end": 8245, "ndd": 419, "dde": 548, "des": 23276, "eso": 8269, "sou": 5278, "our": 18387, "urc": 1705, "rce": 3425, "edi": 2735, "dip": 132, "ipl": 392, "plo": 756, "lom": 327, "oma": 596, "mat": 1655, "tiq": 1536, "iqu": 6445, "que": 28745, "uel": 10878, "ela": 17665, "lar": 4963, "are": 2980, "rep": 4497, "epr": 5667, "pri": 4787, "ris": 4691, "ise": 6513, "sed": 2447, "esc": 7801, "sco": 5060, "con": 11351, "onv": 1551, "nve": 1030, "ver": 5471, "ers": 6670, "rsa": 2175, "sat": 1468, "rel": 5734, "lau": 1691, "aut": 6380, "utr": 3318, "tri": 2458, "ric": 1912, "ich": 1690, "che": 7973, "hee": 276, "eet": 7351, "etl": 4222, "tla": 4778, "aru": 1173, "rus": 544, "uss": 4242, "ssi": 6954, "sie": 2695, "iec": 456, "ece": 7352, "ces": 9969, "nss": 2052, "sse": 11691, "sep": 1909, "epo": 5272, "pou": 10648, "urs": 9273, "rsu": 1097, "sui": 2149, "uiv": 1452, "ive": 2603, "ven": 4193, "nt\u00e0": 1806, "t\u00e0l": 1356, "\u00e0la": 3811, "laf": 2992, "afo": 914, "foi": 1333, "ois": 6052, "is\u00e0": 606, "s\u00e0v": 167, "\u00e0vi": 126, "nee": 1376, "et\u00e0": 596, "t\u00e0s": 472, "\u00e0sa": 478, "sai": 4785, "ain": 7727, "int": 7893, "ntp": 4214, "tp\u00e9": 123, "p\u00e9t": 392, "\u00e9te": 1026, "ter": 6404, "rsb": 184, "sbo": 811, "bou": 2028, "urg": 852, "rge": 1837, "get": 335, "one": 2663, "nes": 7878, "esp": 10776, "sp\u00e8": 312, "p\u00e8r": 526, "\u00e8re": 5741, "req": 2052, "equ": 11734, "ell": 12192, "esa": 10443, "sap": 1779, "ppo": 1103, "por": 3736, "ort": 6934, "rte": 3733, "ero": 2575, "ron": 3421, "ont": 14005, "ntu": 1851, "tun": 4336, "une": 12448, "ned": 2812, "ed\u00e9": 2616, "d\u00e9t": 899, "ten": 9555, "nte": 11385, "te\u00e0": 523, "e\u00e0l": 1550, "las": 3831, "asi": 1027, "sit": 2501, "itu": 2899, "tua": 350, "uat": 747, "nac": 905, "act": 2275, "ctu": 668, "tue": 1001, "lea": 3342, "eau": 8889, "auc": 2589, "ucu": 674, "cun": 1517, "nea": 1455, "eam": 455, "amb": 1081, "mba": 785, "bas": 730, "ass": 5833, "ssa": 5577, "sad": 862, "ade": 2711, "den": 4312, "ena": 4795, "nav": 1548, "ava": 5453, "vai": 5621, "ait": 17747, "itc": 1530, "tco": 2585, "onn": 8679, "nna": 2080, "nai": 2982, "ais": 12397, "iss": 6587, "san": 6426, "eno": 4855, "nou": 5976, "ouv": 7954, "uve": 5429, "vea": 843, "aux": 5598, "uxd": 1796, "xd\u00e9": 130, "d\u00e9v": 358, "\u00e9ve": 595, "vel": 1372, "elo": 2772, "lop": 450, "opp": 556, "ppe": 1293, "pem": 122, "eme": 11740, "men": 15208, "nts": 5970, "tsc": 532, "sce": 4181, "cem": 1386, "ema": 7955, "tin": 3450, "inb": 102, "nbe": 182, "bel": 978, "elg": 154, "lgr": 317, "gra": 4265, "rad": 1185, "dea": 666, "ea\u00e9": 231, "a\u00e9t": 812, "\u00e9t\u00e9": 2549, "t\u00e9o": 174, "occ": 681, "ccu": 733, "cup": 446, "up\u00e9": 486, "p\u00e9e": 282, "\u00e9em": 240, "mai": 7768, "iso": 3055, "son": 12539, "naa": 103, "aau": 269, "nei": 732, "eid": 163, "id\u00e9": 1216, "d\u00e9e": 657, "\u00e9ed": 1527, "esm": 5040, "sme": 2218, "mes": 5562, "esu": 4132, "sur": 7182, "ure": 9761, "res": 15875, "smi": 867, "mil": 1937, "ili": 1841, "lit": 2465, "ita": 4206, "tai": 7533, "air": 6401, "ire": 11611, "esq": 3652, "squ": 11079, "qui": 16409, "uis": 6210, "isu": 682, "ivr": 1078, "vro": 110, "nto": 1980, "onr": 808, "nr\u00e9": 380, "r\u00e9p": 1911, "\u00e8te": 399, "ted": 3538, "eda": 4139, "dan": 12330, "ans": 13625, "nsl": 6640, "sle": 12010, "lie": 3476, "ieu": 5778, "eux": 7181, "xdi": 103, "ues": 5229, "sau": 3907, "chi": 1569, "hie": 1062, "ens": 6713, "nsq": 1328, "hen": 689, "ene": 4910, "nec": 1816, "eco": 8904, "nvo": 1388, "voi": 6546, "oit": 6570, "ite": 6972, "tea": 1950, "nep": 3326, "par": 17012, "art": 6180, "rti": 3971, "tie": 3008, "ied": 2354, "edu": 4824, "dut": 738, "ute": 5358, "err": 3675, "rri": 2403, "rit": 3649, "ito": 1124, "toi": 2439, "oir": 6036, "ese": 12049, "ser": 6705, "erb": 459, "rbe": 461, "bea": 1513, "ean": 1586, "ann": 1370, "nex": 542, "exe": 616, "xer": 259, "erd": 3692, "rda": 2018, "dau": 931, "spo": 4250, "pop": 187, "opu": 170, "pul": 417, "ula": 1515, "lat": 3202, "bes": 658, "esr": 2902, "sro": 511, "rom": 1290, "omp": 3412, "mpr": 1148, "pra": 237, "rai": 7826, "itl": 2850, "lab": 1905, "aba": 874, "bal": 513, "ala": 2361, "lan": 4581, "sra": 721, "rac": 1913, "ace": 2177, "nau": 1566, "eho": 579, "hon": 1659, "ong": 1761, "ngr": 829, "gri": 464, "rie": 5651, "iee": 793, "etc": 1800, "nst": 2688, "sti": 3434, "tit": 2692, "uer": 2370, "era": 5625, "nem": 2937, "cep": 2098, "url": 5929, "rle": 8587, "esi": 4621, "sin": 3623, "nt\u00e9": 2768, "t\u00e9r": 1594, "\u00e9r\u00ea": 280, "r\u00eat": 1354, "\u00eats": 204, "tsd": 1959, "sdu": 3181, "dup": 1455, "upe": 1163, "peu": 3634, "eup": 657, "upl": 839, "ple": 1905, "led": 5954, "dec": 6414, "cet": 4957, "ete": 3452, "tem": 4013, "emp": 3625, "mpi": 392, "pir": 719, "reo": 693, "eon": 1248, "ono": 1284, "nor": 969, "oro": 117, "roi": 4399, "itv": 494, "tvi": 422, "neq": 557, "quu": 909, "uun": 1181, "unc": 1406, "nco": 4544, "onf": 1642, "nfl": 365, "fli": 135, "teu": 3229, "eur": 16980, "uro": 1331, "rop": 1879, "op\u00e9": 401, "\u00e9en": 725, "est": 16930, "stp": 1531, "tpa": 4821, "pas": 6949, "in\u00e9": 1000, "n\u00e9v": 126, "\u00e9vi": 411, "vit": 876, "tab": 2297, "abl": 4320, "ble": 6737, "lev": 2359, "ets": 3169, "tso": 1864, "cea": 942, "ang": 2996, "ngl": 618, "gla": 451, "lai": 4963, "sel": 2484, "ele": 13593, "nsc": 2314, "nti": 5532, "inu": 902, "nue": 925, "uen": 2253, "esd": 12289, "sdi": 1968, "ate": 2298, "tes": 8870, "sru": 326, "ses": 9213, "set": 6938, "eta": 3218, "tau": 3135, "sla": 5407, "lam": 4460, "deu": 2773, "urd": 3911, "rde": 6592, "der": 3907, "eru": 1488, "iea": 482, "eae": 119, "aeu": 215, "ier": 7258, "ere": 7225, "ret": 4738, "auj": 624, "ujo": 1542, "jou": 4173, "rdh": 481, "dhu": 470, "hui": 699, "uid": 2019, "ide": 4260, "evu": 333, "vue": 563, "spr": 3873, "pro": 5955, "rol": 517, "olo": 1334, "lon": 3800, "ng\u00e9": 569, "g\u00e9e": 383, "\u00e9es": 3169, "aub": 619, "uba": 215, "all": 3132, "pla": 2701, "bie": 3115, "enq": 630, "nqu": 3145, "quo": 2283, "uon": 1511, "sac": 1774, "ach": 2604, "her": 2165, "eri": 2460, "aus": 2908, "usu": 669, "suj": 514, "uje": 659, "jet": 1665, "etd": 4888, "tde": 12137, "nso": 1740, "sem": 3669, "emb": 2664, "mbl": 1482, "ead": 542, "adm": 684, "dme": 136, "met": 2201, "ett": 6865, "ttr": 2556, "red": 6759, "lap": 5298, "apr": 3216, "ess": 12288, "sec": 2069, "soi": 2689, "irq": 438, "rqu": 3993, "lel": 2362, "eli": 2772, "lin": 2480, "inf": 961, "nfo": 642, "for": 3393, "orm": 1640, "rma": 2290, "onl": 1939, "nla": 1153, "ane": 834, "ner": 3320, "erv": 2384, "rvo": 692, "vos": 471, "osi": 1239, "it\u00e9": 4892, "t\u00e9\u00e0": 195, "ber": 1387, "erl": 3828, "rli": 502, "inl": 645, "nle": 1814, "nze": 198, "eig": 662, "ige": 826, "ger": 1892, "er\u00e9": 1832, "r\u00e9c": 1614, "\u00e9cr": 885, "cri": 2042, "sd\u00e9": 1909, "d\u00e9p": 1531, "p\u00eac": 277, "\u00each": 309, "hes": 1024, "es\u00e9": 2119, "s\u00e9c": 831, "\u00e9ch": 1031, "tsa": 1981, "sar": 1879, "tle": 8762, "lem": 6954, "mpe": 649, "per": 4592, "reu": 3572, "rgu": 449, "gui": 459, "lla": 2355, "aum": 1305, "ume": 1278, "mel": 1646, "ara": 2696, "ray": 382, "aya": 562, "yan": 803, "ant": 16616, "tpr": 1631, "ri\u00e9": 462, "i\u00e9l": 144, "\u00e9le": 1899, "med": 2507, "dus": 1398, "use": 4459, "esb": 2072, "bon": 1763, "sof": 226, "off": 885, "ffi": 1122, "fic": 1176, "ice": 2571, "sde": 17510, "ina": 2296, "nal": 1818, "man": 4649, "and": 7502, "nds": 1056, "dse": 224, "str": 4519, "ndu": 2858, "u\u00e0c": 151, "\u00e0ce": 1241, "d\u00e9s": 1160, "\u00e9si": 1698, "sir": 1253, "irl": 1139, "mea": 930, "aen": 462, "nsu": 2642, "uit": 3407, "tep": 1495, "ivi": 1424, "vis": 1360, "sef": 1032, "eff": 1401, "ffo": 384, "rts": 1107, "sda": 3023, "nsm": 882, "sma": 3306, "mal": 1995, "alg": 380, "gr\u00e9": 749, "r\u00e9l": 372, "\u00e9la": 1127, "amo": 1720, "mob": 184, "obi": 263, "bil": 837, "lis": 2039, "isa": 3459, "onp": 2836, "npa": 1399, "iel": 1920, "del": 16562, "arm": 2686, "rm\u00e9": 737, "m\u00e9e": 663, "\u00e9er": 142, "see": 1070, "etb": 359, "tbi": 858, "neu": 1547, "eut": 2494, "utl": 924, "tli": 606, "lim": 835, "imp": 2000, "sio": 3071, "onq": 1121, "tim": 1573, "ime": 2914, "en\u00e9": 870, "n\u00e9t": 1574, "\u00e9ta": 5393, "aie": 3708, "ntn": 797, "nul": 283, "ull": 328, "pac": 192, "aci": 1019, "ifi": 1201, "fiq": 137, "esl": 5019, "anu": 347, "nui": 480, "itd": 4111, "ern": 2683, "rni": 1226, "ni\u00e8": 720, "i\u00e8r": 2773, "ree": 3317, "een": 4057, "enc": 6483, "cor": 3182, "ore": 2200, "lac": 5971, "cti": 3024, "onc": 4482, "nci": 1381, "cil": 900, "lia": 401, "atr": 1634, "meg": 144, "egr": 1883, "gr\u00e2": 269, "r\u00e2c": 270, "\u00e2ce": 269, "uxe": 1111, "ard": 4295, "gre": 662, "rey": 124, "yse": 224, "sex": 1117, "er\u00e7": 220, "\u00e7ai": 770, "its": 3326, "tsu": 2175, "iva": 1078, "van": 2967, "nen": 3026, "lef": 2005, "efo": 2136, "rmu": 137, "mul": 322, "ule": 3755, "leq": 1460, "ila": 3266, "itb": 421, "tbo": 253, "poi": 2024, "rla": 4468, "iii": 256, "tot": 186, "ota": 466, "tal": 2294, "ale": 5073, "edo": 2516, "doi": 998, "tdo": 1106, "don": 4977, "\u00eatr": 2232, "rec": 4614, "nsi": 3373, "sid": 1369, "d\u00e9r": 698, "\u00e9r\u00e9": 574, "r\u00e9e": 1434, "\u00e9ec": 320, "com": 9519, "omm": 7883, "mme": 7893, "meu": 1189, "eun": 4282, "rov": 394, "ovo": 120, "voc": 168, "oca": 411, "cat": 1415, "ond": 9655, "nde": 10148, "spl": 2186, "plu": 6927, "lus": 7152, "usn": 928, "sne": 1658, "net": 2829, "tte": 6996, "sil": 4192, "ilc": 493, "lco": 536, "nvi": 1271, "def": 2318, "efa": 2469, "fai": 6161, "rer": 2792, "rem": 5095, "mar": 4313, "arq": 1321, "erq": 1041, "uec": 2049, "esj": 1292, "sjo": 790, "rsd": 2225, "nie": 2498, "rsl": 1204, "rum": 179, "rsr": 282, "sre": 2438, "tiv": 797, "ves": 950, "es\u00e0": 1072, "s\u00e0l": 1105, "att": 2517, "tti": 451, "tud": 1041, "ude": 3829, "dem": 6995, "a\u00e7a": 129, "\u00e7an": 144, "ies": 2473, "afr": 621, "fro": 643, "ti\u00e8": 494, "rea": 3014, "eal": 662, "e\u00e9t": 1087, "arv": 354, "rve": 1160, "enu": 1689, "aco": 2876, "sor": 1760, "teq": 881, "nad": 569, "ado": 864, "nn\u00e9": 1385, "\u00e9un": 926, "euv": 1152, "vet": 258, "tou": 10143, "out": 7257, "tic": 1263, "icu": 720, "cul": 1809, "uli": 1190, "li\u00e8": 338, "loy": 349, "oya": 1097, "yau": 280, "ut\u00e9": 820, "\u00e9\u00e0l": 338, "\u00e0l\u00e9": 228, "l\u00e9g": 943, "\u00e9ga": 916, "gar": 1827, "rdd": 311, "ddu": 136, "uts": 1054, "nab": 269, "ban": 679, "ndo": 1338, "nan": 1943, "asl": 755, "ler": 4275, "r\u00f4l": 188, "\u00f4le": 198, "cel": 3450, "elu": 2938, "lui": 4858, "uic": 978, "ici": 2372, "lav": 3472, "itp": 3341, "i\u00e9d": 160, "\u00e9da": 1153, "dac": 447, "acc": 1745, "cce": 568, "ept": 789, "pte": 926, "ear": 831, "ar\u00e9": 1467, "\u00e9po": 1530, "pon": 1187, "tec": 1540, "nfi": 1334, "fia": 331, "ian": 894, "afa": 1113, "fa\u00e7": 236, "a\u00e7o": 242, "\u00e7on": 539, "apl": 1134, "uso": 929, "tra": 6268, "rag": 1306, "age": 4704, "gea": 1136, "tel": 4151, "s\u00e9t": 1713, "itm": 849, "tmo": 1001, "mon": 5097, "tr\u00e9": 1388, "r\u00e9j": 112, "\u00e9ju": 130, "jus": 1366, "usq": 1414, "ile": 5825, "lep": 5144, "rin": 2035, "inc": 2753, "apa": 1944, "xla": 212, "iev": 147, "eva": 2612, "ama": 3410, "ntt": 1390, "tro": 4402, "rou": 3786, "cen": 2295, "nda": 3891, "ntd": 7676, "efr": 1329, "fr\u00e9": 157, "r\u00e9d": 836, "\u00e9d\u00e9": 559, "\u00e9ri": 3274, "icl": 287, "cle": 1876, "leg": 1238, "ran": 8349, "ndl": 361, "dle": 332, "lag": 1851, "agu": 537, "gue": 2048, "rre": 2837, "evo": 4541, "oic": 426, "cim": 169, "ima": 1688, "ntc": 2480, "tce": 3318, "ceq": 3056, "qu\u00e9": 687, "leb": 1308, "ebe": 1057, "ine": 6616, "ert": 3409, "rta": 2115, "tag": 777, "ebl": 336, "bla": 946, "tse": 2773, "sal": 1806, "lli": 1331, "li\u00e9": 356, "i\u00e9s": 295, "\u00e9sn": 109, "epe": 3793, "tpl": 1614, "usd": 2277, "sdo": 1934, "dou": 1998, "lal": 1853, "mag": 1419, "agn": 1876, "gne": 2585, "ees": 2305, "stf": 244, "tfe": 150, "fer": 1416, "erm": 2653, "rme": 2668, "mem": 1036, "td\u00e9": 1247, "d\u00e9c": 1908, "\u00e9ci": 1171, "cid": 805, "\u00e9e\u00e0": 418, "asr": 204, "ecu": 1042, "dev": 4061, "ntl": 6421, "ame": 2555, "etm": 971, "tma": 1629, "r\u00e9s": 3553, "\u00e9so": 902, "nam": 724, "mou": 1901, "tir": 1347, "ns\u00e9": 974, "s\u00e9q": 255, "\u00e9qu": 1495, "lec": 5641, "mpo": 1531, "tet": 2638, "ous": 13097, "env": 1783, "sag": 1497, "gen": 1868, "unm": 1056, "nma": 1458, "alh": 480, "lhe": 628, "heu": 2300, "ur\u00e9": 945, "uva": 1296, "nta": 5700, "\u00e9cl": 946, "cla": 2170, "emi": 3596, "isi": 3176, "sib": 1117, "ibl": 1469, "sci": 1167, "cit": 1073, "toy": 327, "oye": 1318, "yen": 864, "nsv": 422, "svo": 1862, "cie": 2366, "enf": 2496, "fin": 1668, "ndp": 312, "ndr": 3574, "dra": 942, "ral": 2255, "ily": 1032, "lye": 158, "yes": 131, "stc": 824, "tch": 859, "hac": 230, "acu": 465, "unf": 356, "nfe": 372, "ras": 1474, "aso": 1053, "irc": 946, "rco": 1501, "fla": 538, "tda": 2786, "saf": 886, "orc": 942, "cee": 1128, "laj": 644, "aju": 210, "ust": 2051, "aca": 905, "cau": 831, "laq": 643, "aqu": 1999, "lei": 1126, "eil": 5909, "ils": 4698, "lse": 1333, "el\u00e8": 102, "l\u00e8v": 495, "\u00e8ve": 611, "avi": 1941, "vic": 1364, "ict": 867, "cto": 667, "vra": 1354, "sdr": 279, "rap": 2412, "ape": 1803, "pea": 275, "uxa": 926, "aga": 631, "zet": 117, "oss": 1181, "ss\u00e9": 1722, "sno": 2189, "uvo": 949, "von": 918, "std": 1004, "tdu": 2288, "dud": 668, "ird": 1579, "det": 2983, "usl": 3020, "nsd": 3836, "oub": 730, "ubl": 1848, "bli": 2146, "leu": 6033, "rdi": 1448, "dif": 871, "iff": 921, "ff\u00e9": 453, "f\u00e9r": 827, "\u00e9re": 1453, "dop": 206, "opi": 361, "pin": 519, "ini": 2293, "nio": 617, "ico": 1096, "cer": 2060, "rne": 1825, "nel": 2841, "apo": 1428, "pol": 878, "oli": 1425, "iti": 3932, "uei": 691, "ein": 4533, "rei": 1911, "lsd": 445, "oiv": 294, "nt\u00ea": 223, "t\u00eat": 1515, "una": 1417, "ani": 2402, "nim": 842, "s\u00e0m": 197, "\u00e0ma": 270, "arc": 2104, "rch": 1961, "rau": 1535, "uco": 2183, "omb": 2010, "bat": 1090, "atp": 110, "tpo": 2430, "urp": 1852, "rpa": 1031, "pat": 814, "iem": 411, "ac\u00e9": 431, "c\u00e9e": 350, "\u00e9el": 650, "ult": 1287, "lt\u00e9": 383, "t\u00e9s": 2072, "\u00e9sd": 1096, "dun": 4445, "tev": 549, "ano": 816, "lib": 760, "ibr": 393, "bre": 3018, "itq": 1276, "tqu": 6185, "pr\u00ea": 416, "\u00eate": 1538, "e\u00e0u": 226, "\u00e0un": 874, "un\u00e9": 384, "n\u00e9c": 569, "nge": 2093, "ged": 1147, "dir": 1535, "ect": 3045, "cta": 389, "tav": 1387, "ave": 5785, "vec": 3644, "ecl": 1735, "sim": 1206, "mpl": 2016, "pli": 1188, "fie": 423, "egu": 389, "u\u00e8r": 106, "non": 2376, "ndi": 3149, "dit": 2713, "it\u00e0": 1174, "t\u00e0p": 352, "\u00e0pa": 628, "ari": 3323, "isd": 2479, "lej": 931, "ejo": 1045, "urn": 1695, "rna": 1077, "alq": 143, "lqu": 2259, "ura": 3386, "ram": 818, "rvi": 1067, "ne\u00e0": 298, "e\u00e0d": 258, "er\u00e0": 1241, "r\u00e0l": 573, "sas": 926, "ssu": 2935, "not": 1270, "tam": 494, "amm": 635, "ntq": 2013, "uea": 642, "eap": 815, "pr\u00e8": 1990, "r\u00e8s": 3285, "\u00e8sq": 176, "aur": 2160, "tva": 189, "ncu": 321, "ase": 1459, "rbi": 254, "iei": 466, "iln": 1966, "lne": 1184, "ast": 1171, "sto": 2690, "ouc": 2012, "uch": 1711, "ch\u00e9": 1013, "\u00e0li": 319, "ind": 3228, "nd\u00e9": 1184, "\u00e9pe": 493, "pen": 2678, "pay": 878, "ays": 785, "yso": 134, "orl": 174, "flu": 300, "lue": 307, "rse": 2860, "sul": 506, "sav": 3355, "eel": 1082, "em\u00ea": 808, "m\u00eam": 2689, "\u00eame": 2896, "nev": 1181, "eve": 2356, "veu": 1261, "utp": 781, "asp": 686, "dre": 3989, "eac": 563, "eng": 751, "nga": 589, "gag": 638, "gem": 730, "tsp": 715, "eni": 2119, "nir": 1487, "ist": 5744, "sth": 205, "th\u00e8": 172, "\u00e8se": 305, "gro": 608, "etr": 3544, "tru": 807, "tr\u00e8": 1076, "s\u00e9l": 754, "\u00e9lo": 410, "loi": 2165, "oig": 628, "ign": 3254, "gn\u00e9": 923, "n\u00e9e": 1734, "stg": 118, "tg\u00e9": 135, "g\u00e9n": 1240, "\u00e9n\u00e9": 1307, "n\u00e9r": 1091, "\u00e9ra": 2449, "lee": 2379, "hev": 781, "xde": 1294, "deb": 1807, "ebu": 350, "bud": 121, "uda": 556, "dap": 521, "pes": 655, "tpu": 443, "pub": 1048, "\u00e8su": 133, "sun": 3479, "mmu": 807, "mun": 1095, "uni": 2433, "nic": 749, "ica": 1812, "duj": 388, "uju": 165, "rao": 147, "aor": 121, "ord": 2292, "rdo": 816, "n\u00e9l": 319, "\u00e9ee": 661, "deg": 1279, "uxl": 748, "ins": 6263, "siq": 539, "pel": 1102, "els": 944, "lso": 596, "stu": 1143, "tur": 2788, "cre": 943, "stm": 398, "mot": 787, "oti": 535, "iv\u00e9": 385, "v\u00e9p": 106, "\u00e9pa": 2156, "arl": 4071, "\u00e9ep": 768, "nca": 812, "car": 1987, "ct\u00e8": 249, "t\u00e8r": 600, "eag": 148, "agr": 1011, "sif": 329, "fil": 1132, "agi": 878, "git": 351, "ued": 3310, "pr\u00e9": 4133, "\u00e9ca": 326, "uti": 1965, "npo": 1003, "rpr": 791, "rot": 501, "ot\u00e9": 150, "t\u00e9g": 376, "\u00e9ge": 340, "rab": 933, "abs": 359, "bso": 186, "sol": 1449, "olu": 780, "lum": 545, "soc": 942, "ntb": 588, "tbe": 365, "sju": 375, "onm": 1224, "ded": 2675, "eml": 365, "sta": 4252, "tan": 4631, "dar": 760, "dee": 644, "toc": 142, "oup": 2139, "esf": 3092, "sfo": 1243, "uio": 502, "nva": 475, "ahi": 192, "hil": 394, "iep": 493, "ars": 965, "dri": 272, "ria": 795, "ias": 222, "asa": 1233, "ntv": 793, "tve": 424, "rso": 2263, "sip": 411, "ipa": 1295, "oni": 1480, "cal": 988, "isl": 2130, "ebo": 1301, "bar": 861, "\u00e0he": 144, "dum": 1347, "uma": 1422, "til": 3572, "nc\u00e9": 499, "c\u00e9l": 260, "vil": 1338, "cip": 996, "pal": 907, "rue": 1382, "sso": 4916, "tcr": 212, "rib": 686, "bl\u00e9": 389, "l\u00e9s": 398, "dob": 109, "bus": 357, "tca": 422, "us\u00e9": 706, "s\u00e9d": 596, "\u00e9de": 3519, "d\u00e9g": 234, "rip": 275, "ipo": 545, "pos": 3720, "ost": 676, "ste": 5805, "asd": 1192, "unh": 379, "h\u00f4t": 259, "\u00f4te": 426, "arr": 2523, "rr\u00ea": 526, "\u00eat\u00e9": 211, "t\u00e9d": 2303, "spi": 920, "uii": 232, "iin": 223, "diq": 297, "qua": 3513, "uai": 422, "dro": 1154, "so\u00f9": 362, "o\u00f9i": 349, "\u00f9il": 348, "ilf": 1245, "lfa": 950, "fal": 338, "ev\u00e9": 612, "v\u00e9e": 515, "enm": 1023, "mas": 511, "eat": 416, "ath": 423, "\u00e8ne": 596, "alo": 1824, "niq": 515, "ueq": 454, "na\u00e9": 113, "cr\u00e9": 689, "r\u00e9t": 996, "t\u00e9e": 1564, "ieo": 187, "eo\u00f9": 484, "o\u00f9l": 506, "\u00f9le": 236, "orp": 662, "rpo": 1021, "tto": 1883, "us\u00e0": 200, "sbu": 124, "bul": 311, "ulg": 115, "lga": 120, "esg": 1601, "sgr": 1363, "ecs": 273, "sis": 1192, "isr": 466, "\u00e9li": 746, "ttu": 196, "lss": 640, "imm": 435, "mm\u00e9": 335, "m\u00e9d": 963, "\u00e9di": 1111, "dia": 528, "tdi": 1079, "iri": 651, "rig": 631, "ig\u00e9": 299, "g\u00e9s": 244, "\u00e9ss": 356, "uar": 627, "erg": 855, "rg\u00e9": 354, "nsf": 465, "fon": 1660, "rto": 1803, "utm": 264, "nar": 940, "usv": 755, "svi": 1060, "vif": 116, "rio": 797, "iot": 258, "tis": 1956, "ism": 1648, "und": 1184, "tac": 1265, "hem": 723, "oua": 633, "uan": 1508, "nsr": 479, "seu": 2213, "tta": 1147, "taq": 192, "esv": 1958, "nno": 1515, "run": 2752, "nom": 1915, "mbr": 2264, "\u00e8sd": 812, "lot": 421, "tjo": 225, "val": 1392, "rsn": 285, "sub": 441, "ubi": 334, "tpe": 1047, "rdu": 1220, "uno": 657, "etv": 431, "vin": 1140, "ing": 1145, "ngt": 587, "uxh": 219, "hom": 1727, "bur": 243, "uin": 1603, "nat": 2683, "ald": 960, "lde": 1591, "ixs": 124, "xsa": 123, "adr": 693, "sea": 1015, "uxc": 954, "xch": 157, "hef": 411, "efs": 159, "fsd": 155, "tat": 3082, "tbr": 181, "bru": 564, "xel": 113, "xse": 240, "r\u00e9u": 619, "nia": 248, "iau": 548, "uie": 1339, "iet": 962, "voy": 1175, "oy\u00e9": 329, "lsa": 750, "aup": 1343, "upa": 1237, "pap": 252, "\u00e0le": 1035, "ie\u00e0": 169, "dal": 411, "oid": 805, "idi": 1004, "ali": 3103, "e\u00e0m": 295, "on\u00e0": 377, "oin": 4174, "r\u00e9a": 697, "\u00e9au": 590, "upr": 1007, "emo": 3797, "viv": 730, "via": 146, "uxm": 690, "xmi": 103, "min": 2837, "nis": 2103, "st\u00e8": 392, "aff": 1175, "ffa": 620, "\u00e9tr": 975, "ng\u00e8": 116, "g\u00e8r": 298, "giq": 224, "spa": 5053, "sba": 608, "pag": 982, "upo": 608, "rtu": 756, "uga": 103, "gal": 742, "ldu": 302, "\u00e8de": 207, "\u00e8ge": 189, "gee": 561, "dul": 487, "ulu": 472, "lux": 113, "xem": 393, "mbo": 294, "gle": 485, "onj": 444, "nju": 307, "jur": 244, "ffr": 859, "fri": 348, "rir": 1054, "irs": 1113, "sam": 1217, "am\u00e9": 465, "aua": 149, "et\u00e9": 1001, "t\u00e9l": 1131, "\u00e9l\u00e9": 636, "\u00e9gr": 196, "ixe": 250, "xet": 565, "d\u00e9l": 845, "\u00e9gu": 311, "gu\u00e9": 460, "u\u00e9s": 382, "ci\u00e9": 384, "i\u00e9t": 1013, "ixd": 378, "sr\u00e9": 1127, "len": 4801, "al\u00e9": 203, "l\u00e9m": 460, "\u00e9mi": 630, "ntj": 779, "tju": 294, "uri": 1685, "stl": 1075, "\u00e9pu": 782, "liq": 1023, "uef": 525, "fra": 3189, "an\u00e7": 855, "n\u00e7a": 854, "urq": 1133, "lsu": 245, "rej": 653, "uau": 775, "suc": 464, "ucc": 415, "cc\u00e8": 286, "c\u00e8s": 501, "sfi": 731, "div": 745, "smo": 2264, "mod": 701, "\u00e9sp": 557, "rid": 363, "sus": 660, "usc": 1515, "pti": 627, "tib": 114, "rat": 2720, "nil": 932, "lad": 2626, "ad\u00e9": 957, "fis": 270, "nch": 1879, "hal": 512, "aug": 533, "ugo": 217, "gou": 826, "tif": 879, "col": 1727, "oll": 764, "abo": 1155, "bor": 789, "ora": 1242, "loe": 202, "oeu": 1723, "uvr": 2055, "vre": 1997, "lah": 251, "aha": 204, "aye": 437, "urr": 1416, "rr\u00e9": 395, "mer": 2347, "sgo": 145, "tsq": 558, "uet": 1709, "tss": 597, "oie": 1541, "sve": 722, "lut": 1099, "duc": 2423, "etq": 1638, "cte": 1658, "atu": 1560, "reb": 468, "ueu": 873, "eus": 2465, "cco": 832, "lic": 1490, "irr": 322, "enr": 1577, "nra": 334, "s\u00e9e": 1458, "\u00e9et": 845, "adi": 1464, "nsn": 672, "utq": 337, "p\u00e9r": 1518, "civ": 231, "nmo": 1010, "ial": 960, "etn": 754, "tne": 633, "utc": 804, "ir\u00e0": 340, "r\u00e0c": 211, "ope": 223, "liv": 687, "vr\u00e9": 119, "\u00e0lo": 298, "ruc": 314, "uct": 503, "mor": 1379, "rtl": 308, "mpt": 661, "auv": 965, "ega": 1238, "ott": 308, "tom": 673, "ecm": 138, "tmi": 441, "etu": 878, "uiq": 355, "nin": 864, "ros": 931, "ose": 2091, "eay": 128, "tno": 1037, "gr\u00e8": 268, "\u00e8ce": 433, "etj": 481, "tje": 915, "eti": 2831, "neh": 479, "eha": 896, "hau": 1380, "t\u00e9m": 642, "eca": 2118, "cas": 779, "\u00f9la": 141, "eou": 886, "oul": 3214, "uee": 852, "enl": 1181, "nli": 391, "lig": 1183, "ato": 918, "tor": 1210, "nit": 1073, "ome": 1213, "mej": 256, "sei": 1876, "ild": 998, "isb": 297, "sbr": 521, "bra": 960, "asc": 891, "sch": 2261, "hit": 266, "uca": 504, "cab": 343, "abi": 1124, "bin": 315, "t\u00e9t": 1543, "\u00e9se": 2475, "tsl": 557, "isc": 1758, "ep\u00e9": 225, "rgi": 347, "gil": 105, "at\u00e9": 249, "t\u00e9q": 457, "uoi": 786, "oiq": 409, "rav": 2341, "nsp": 1968, "\u00e9c\u00e9": 182, "c\u00e9d": 575, "\u00e9eo": 116, "d\u00e9m": 734, "\u00e9me": 906, "rui": 675, "\u00e8sl": 668, "ge\u00e0": 138, "t\u00e9p": 878, "\u00e9pr": 644, "r\u00e9g": 747, "\u00e9gi": 425, "gio": 280, "alp": 273, "lpe": 224, "adu": 312, "dur": 1088, "dix": 262, "ixh": 102, "xhe": 159, "in\u00e0": 227, "ehe": 570, "\u00e8sm": 244, "mid": 470, "dim": 575, "nif": 434, "ife": 334, "fes": 524, "rbo": 446, "oph": 263, "phi": 604, "neb": 500, "eba": 972, "cou": 5544, "uru": 907, "dis": 3156, "isp": 2309, "spe": 2805, "rs\u00e9": 386, "s\u00e9s": 650, "sna": 675, "tei": 955, "inv": 508, "ung": 586, "ndm": 234, "mee": 1224, "ngd": 146, "gde": 131, "esy": 809, "sym": 186, "ymp": 168, "mpa": 1279, "thi": 383, "ieq": 356, "nud": 153, "nsa": 2370, "dil": 382, "enb": 343, "ueb": 228, "ebr": 724, "lge": 101, "gec": 248, "scl": 440, "de\u00e0": 309, "el\u00e9": 1155, "\u00e9sc": 271, "npr": 1220, "urm": 1202, "cav": 170, "ffe": 1495, "fec": 487, "ifd": 139, "fde": 208, "xre": 130, "rc\u00e9": 209, "mmi": 595, "mis": 2197, "tef": 827, "nct": 460, "vem": 967, "vau": 493, "uxo": 369, "r\u00e9q": 229, "n\u00e9s": 507, "\u00e9sl": 375, "uto": 973, "omo": 175, "slo": 1216, "auf": 470, "uff": 894, "feu": 634, "sbe": 678, "ges": 2048, "tos": 139, "oso": 212, "ori": 1784, "\u00e9sm": 140, "uxj": 245, "epl": 2806, "usp": 1560, "spu": 535, "r\u00e0p": 113, "sab": 770, "abr": 398, "aph": 532, "phe": 397, "gas": 257, "ref": 1288, "efu": 1171, "fus": 650, "\u00e9du": 1018, "num": 268, "um\u00e9": 327, "m\u00e9r": 598, "urb": 557, "anq": 607, "pan": 460, "stt": 474, "sbi": 663, "ncs": 496, "urf": 576, "rfr": 195, "cse": 191, "nnu": 629, "het": 387, "tsv": 103, "\u00e9ce": 1139, "tap": 774, "ped": 261, "lio": 396, "dor": 846, "eex": 701, "exi": 664, "xig": 158, "gel": 459, "fet": 897, "rl\u00e9": 381, "l\u00e9t": 1178, "rmo": 869, "enh": 214, "nho": 419, "hol": 196, "eas": 424, "sig": 1032, "n\u00e9a": 238, "ui\u00e0": 113, "mie": 2106, "onu": 337, "nun": 592, "lex": 1296, "xis": 316, "ham": 914, "voq": 184, "oqu": 584, "u\u00e9e": 408, "o\u00fbt": 598, "\u00fbtd": 179, "alm": 448, "lmo": 237, "seh": 134, "sli": 1039, "exa": 514, "xam": 280, "ami": 1718, "re\u00e7": 377, "e\u00e7u": 270, "umi": 909, "dex": 324, "exp": 1831, "xpo": 843, "\u00e0qu": 428, "elp": 295, "lpo": 354, "jud": 108, "udi": 931, "dic": 876, "iab": 193, "rtd": 1039, "lno": 231, "noi": 920, "udu": 418, "eav": 2054, "gai": 159, "ntm": 1569, "is\u00e9": 1074, "\u00e9sa": 849, "exc": 762, "efe": 1326, "m\u00e9l": 281, "etp": 1705, "mi\u00e8": 608, "elh": 583, "lhi": 206, "his": 686, "t\u00e9f": 227, "\u00e9fe": 476, "m\u00e9p": 164, "omi": 912, "mit": 984, "\u00e0di": 312, "qu\u00e0": 697, "\u00e0no": 260, "lor": 2545, "rdr": 784, "h\u00e9e": 283, "nbo": 385, "d\u00e9d": 208, "rim": 1051, "ote": 867, "teo": 372, "apu": 318, "i\u00e9e": 318, "vei": 674, "ro\u00f9": 133, "evr": 330, "erp": 1353, "ola": 422, "la\u00e9": 174, "ntf": 891, "egl": 339, "enj": 248, "syn": 248, "ynd": 203, "atd": 551, "sva": 417, "n\u00e9d": 352, "cot": 148, "tej": 276, "lny": 340, "nya": 369, "yap": 196, "daf": 105, "erc": 3008, "mep": 1208, "emm": 1658, "inj": 255, "nib": 128, "eul": 1852, "uls": 311, "lsc": 166, "s\u00e0t": 146, "\u00e0te": 110, "asu": 1020, "sup": 812, "upp": 556, "im\u00e9": 438, "am\u00ea": 323, "cis": 640, "h\u00e9d": 145, "nru": 121, "ode": 792, "saj": 140, "urt": 1904, "rtr": 984, "isj": 678, "sc\u00e9": 206, "c\u00e9r": 116, "\u00e9al": 337, "dam": 1472, "inn": 332, "dsp": 357, "ics": 147, "uns": 1246, "nsy": 109, "rsq": 1226, "itf": 671, "tfo": 463, "\u00e9av": 233, "cap": 685, "api": 864, "pit": 836, "sa\u00e9": 106, "pau": 683, "uxb": 300, "eu\u00e0": 163, "u\u00e0l": 394, "dai": 1294, "enp": 1627, "ltu": 134, "nf\u00e9": 253, "s\u00e0p": 281, "\u00e0pr": 302, "moi": 3418, "acr": 775, "efi": 1288, "eaf": 328, "afe": 379, "m\u00e9s": 218, "sgu": 127, "iun": 441, "nef": 2172, "fou": 675, "uif": 672, "ifa": 430, "eue": 363, "epu": 1600, "pui": 2102, "ngu": 785, "usi": 1918, "rsc": 765, "em\u00e8": 143, "m\u00e8t": 261, "\u00e8tr": 293, "st\u00e9": 765, "nm\u00e9": 187, "m\u00e9c": 206, "\u00e9co": 1627, "sge": 473, "can": 683, "irp": 521, "rfa": 718, "re\u00e9": 345, "\u00e9va": 203, "vac": 148, "cue": 350, "\u00e9ea": 472, "raf": 182, "ida": 782, "dat": 725, "rt\u00e9": 799, "\u00fbts": 108, "ufa": 213, "fam": 569, "ior": 308, "nro": 228, "oum": 428, "stj": 128, "v\u00e9l": 178, "itr": 1556, "ish": 193, "shi": 230, "ely": 125, "lys": 234, "\u00e9ei": 159, "ext": 643, "xtr": 497, "din": 1176, "\u00e9il": 347, "p\u00e9s": 106, "ego": 529, "\u00e9su": 780, "lta": 468, "ag\u00e9": 305, "ue\u00e0": 225, "e\u00e0p": 333, "nos": 1148, "sfr": 861, "\u00e9an": 539, "ror": 139, "rog": 367, "gat": 290, "ibi": 405, "bit": 701, "sfa": 1427, "far": 124, "rod": 830, "odu": 672, "dui": 1201, "ole": 1619, "tsr": 169, "ifs": 353, "ira": 1921, "inm": 335, "dej": 653, "eja": 1026, "jau": 266, "ur\u00e8": 121, "\u00e8sa": 343, "xca": 107, "cam": 602, "xou": 137, "vri": 901, "sca": 1541, "leo": 541, "isq": 1555, "aim": 1108, "oui": 1246, "stv": 305, "tvr": 195, "aij": 148, "ija": 168, "otr": 1613, "reg": 1180, "nja": 181, "sja": 480, "ino": 1047, "rtc": 202, "rsv": 232, "vou": 5774, "rno": 695, "ulo": 754, "tvo": 1217, "rez": 458, "ezt": 150, "pei": 1849, "\u00f4tr": 139, "rtm": 178, "rt\u00e0": 136, "\u00e0lh": 255, "nlu": 423, "uip": 1290, "uej": 1590, "jam": 947, "dmi": 593, "mir": 561, "xin": 147, "itj": 380, "oue": 829, "slh": 158, "eci": 1058, "auq": 284, "uqu": 1013, "elt": 160, "eg\u00e9": 407, "\u00e9ni": 632, "abe": 480, "h\u00e9r": 451, "\u00e9ro": 558, "ata": 1026, "ail": 2679, "xp\u00e9": 277, "lou": 1549, "\u00e2ch": 252, "tfr": 382, "pp\u00e9": 245, "rut": 409, "uta": 1501, "vag": 243, "ilh": 137, "lha": 171, "rci": 476, "sp\u00e9": 655, "p\u00e9n": 258, "\u00e9na": 432, "unj": 353, "njo": 379, "acl": 379, "iom": 176, "mph": 278, "hez": 767, "ezl": 700, "zle": 401, "vid": 516, "idu": 553, "rmi": 1193, "sah": 103, "ots": 430, "tsn": 230, "suf": 304, "tsm": 342, "fau": 1382, "t\u00e9c": 847, "geu": 345, "tsi": 1286, "mei": 863, "t\u00e9n": 311, "har": 1803, "ou\u00e9": 235, "u\u00e9d": 153, "vio": 459, "iol": 521, "s\u00e9m": 265, "\u00e9mo": 997, "nth": 482, "tho": 754, "hou": 319, "sia": 320, "inq": 983, "yai": 332, "\u00e0lu": 287, "lun": 1041, "rex": 286, "xpr": 754, "urv": 777, "ceo": 216, "oud": 959, "l\u00e8r": 121, "esh": 1287, "she": 372, "lda": 418, "seq": 542, "iav": 653, "s\u00fbr": 158, "lil": 431, "slu": 689, "coe": 954, "\u00e9sq": 246, "usr": 678, "il\u00e9": 661, "\u00e9g\u00e8": 119, "ur\u00ea": 110, "dig": 526, "aje": 474, "rif": 339, "tid": 165, "die": 1587, "uim": 903, "im\u00ea": 416, "deo": 163, "ril": 1396, "\u00e9ma": 490, "ol\u00e9": 277, "tar": 1117, "tr\u00ea": 153, "r\u00eav": 126, "\u00eave": 107, "d\u00e9f": 781, "\u00e9fa": 348, "cec": 862, "cin": 873, "ixa": 200, "xan": 296, "arg": 1623, "r\u00e9v": 933, "\u00e9vo": 639, "vol": 1038, "iro": 777, "dei": 261, "eim": 539, "t\u00e0t": 182, "\u00e0to": 528, "\u00fbre": 112, "osa": 535, "usa": 2794, "ud\u00e9": 383, "u\u00e9r": 239, "rpe": 495, "nob": 421, "obl": 599, "etg": 229, "glo": 424, "iai": 461, "sha": 573, "hai": 770, "sdh": 127, "dho": 292, "omn": 226, "mni": 115, "c\u00e9t": 570, "d\u00e8s": 298, "ll\u00e8": 130, "l\u00e8g": 111, "ts\u00e0": 218, "mec": 919, "ech": 3461, "on\u00e9": 480, "n\u00e9m": 149, "lch": 334, "irv": 161, "umo": 1170, "ec\u00e9": 354, "\u00e9br": 213, "ush": 242, "s\u00e9r": 431, "rra": 1301, "uce": 1325, "\u00e0de": 655, "dug": 465, "ibe": 392, "ixm": 132, "xma": 257, "ceu": 1089, "uxq": 1163, "xqu": 1277, "osc": 319, "uxs": 819, "asm": 453, "rof": 685, "ofe": 215, "rlu": 557, "nlo": 315, "gte": 295, "mps": 1277, "pse": 288, "alu": 543, "oix": 705, "onh": 470, "hum": 642, "rsi": 971, "iez": 492, "eza": 200, "cai": 470, "c\u00e8r": 105, "i\u00e0l": 139, "ueo": 221, "ugr": 230, "dpa": 161, "isn": 461, "vot": 954, "nsg": 155, "sga": 420, "dez": 264, "ezv": 696, "zvo": 644, "ids": 125, "dso": 151, "soy": 104, "yez": 316, "ezc": 268, "lme": 557, "org": 750, "rga": 582, "gan": 840, "rva": 490, "ezf": 116, "fid": 277, "id\u00e8": 165, "d\u00e8l": 203, "\u00e8le": 359, "s\u00e0s": 218, "m\u00e9t": 353, "\u00e9th": 158, "hod": 120, "lul": 117, "eui": 649, "uxg": 206, "cir": 453, "tee": 1679, "usg": 454, "scr": 1155, "cru": 455, "aul": 1081, "duv": 338, "uv\u00e9": 417, "v\u00e9r": 561, "dub": 576, "ubu": 201, "\u00e8sv": 111, "td\u00ea": 103, "d\u00eat": 301, "utt": 464, "st\u00e0": 342, "t\u00e0u": 152, "mom": 560, "to\u00f9": 326, "ilv": 490, "lve": 216, "ce\u00e0": 388, "e\u00e0s": 476, "\u00e0so": 590, "ysa": 460, "mb\u00e9": 115, "\u00e9fo": 178, "udr": 490, "roy": 767, "ups": 167, "psd": 405, "nmi": 232, "tas": 685, "t\u00e9a": 598, "s\u00e9a": 316, "alc": 377, "rsp": 878, "rcr": 126, "did": 265, "arj": 152, "rja": 203, "uci": 356, "yal": 284, "uep": 1349, "xvi": 152, "ifo": 283, "ndt": 159, "cho": 2255, "log": 572, "ogi": 245, "gie": 552, "seo": 249, "ri\u00e8": 491, "llu": 676, "fun": 111, "unt": 865, "tn\u00e9": 194, "n\u00e9p": 274, "rud": 248, "dua": 168, "raa": 187, "r\u00e9m": 354, "nus": 498, "usj": 240, "cic": 226, "itt": 1431, "le\u00e9": 493, "e\u00e9c": 233, "ir\u00e9": 718, "usf": 628, "oil": 1093, "ecr": 1715, "edh": 200, "dhi": 132, "ppa": 719, "ra\u00ee": 499, "a\u00eet": 1184, "\u00eetr": 1026, "ra\u00e0": 108, "l\u00e9r": 112, "lir": 487, "iru": 424, "n\u00eat": 289, "uia": 1613, "hor": 579, "orr": 572, "tst": 220, "tup": 105, "lho": 592, "meq": 670, "ilu": 494, "ndh": 136, "tlu": 754, "raq": 199, "npu": 225, "ma\u00ee": 447, "tus": 273, "ld\u00e9": 175, "\u00e9pl": 343, "fen": 600, "lhu": 140, "f\u00e9d": 191, "as\u00e9": 368, "el\u00e2": 133, "hea": 218, "fig": 639, "igu": 1051, "gur": 565, "fut": 1240, "utj": 110, "tja": 541, "uir": 1165, "ui\u00e9": 441, "gni": 541, "\u00e8sc": 207, "shu": 172, "nme": 383, "alt": 296, "lto": 125, "ouj": 868, "ats": 832, "edr": 431, "avr": 369, "iej": 116, "cei": 371, "ilt": 260, "mbe": 630, "unr": 494, "rtn": 108, "stq": 338, "ceh": 123, "ada": 1185, "m\u00e9m": 258, "aun": 834, "omd": 249, "mde": 752, "eor": 375, "\u00e9ne": 391, "teg": 203, "ut\u00ea": 471, "e\u00fbt": 435, "t\u00e0c": 535, "\u00e0co": 418, "uem": 1270, "ouh": 119, "uha": 198, "otd": 179, "pie": 1381, "yra": 116, "atc": 141, "uad": 173, "cej": 256, "t\u00e9i": 281, "\u00e9in": 149, "mmo": 283, "o\u00f9s": 142, "jar": 226, "smm": 148, "mle": 427, "vep": 158, "roc": 1544, "ocu": 192, "cur": 689, "iou": 150, "oux": 422, "jug": 500, "uge": 857, "tba": 199, "asq": 400, "rro": 783, "oge": 236, "nid": 290, "rd\u00e9": 494, "lna": 323, "np\u00e8": 198, "ldi": 193, "riv": 1315, "ith": 306, "the": 542, "na\u00ee": 379, "gna": 858, "lsn": 304, "irm": 534, "rmm": 123, "iar": 233, "duq": 155, "sl\u00e0": 173, "l\u00e0l": 226, "moy": 471, "dav": 671, "sm\u00e9": 428, "m\u00e9n": 222, "nag": 564, "r\u00e9f": 689, "\u00e9f\u00e9": 194, "ors": 1691, "avo": 3858, "xje": 127, "jem": 599, "lvi": 180, "nje": 469, "jes": 721, "n\u00e9\u00e0": 201, "\u00e0re": 250, "eje": 2580, "\u00e9l\u00e8": 333, "ved": 529, "h\u00e9o": 138, "hab": 666, "das": 312, "tgr": 338, "ibu": 496, "bun": 166, "mam": 178, "am\u00e8": 215, "m\u00e8r": 356, "rn\u00e9": 344, "isv": 435, "vir": 503, "irf": 142, "rfo": 211, "xpl": 459, "ne\u00e9": 310, "e\u00e9l": 184, "rar": 609, "d\u00e9j": 541, "\u00e9j\u00e0": 450, "roj": 337, "oje": 341, "le\u00e0": 489, "ajo": 819, "aex": 123, "aid": 647, "\u00e9fi": 313, "rmd": 105, "nre": 1484, "egi": 167, "gis": 514, "cro": 1339, "tlh": 204, "inr": 213, "atm": 154, "\u00e8sr": 118, "\u00e0d\u00e9": 146, "lya": 804, "l\u00e0d": 211, "sje": 1374, "jeu": 1305, "v\u00eat": 130, "ch\u00e2": 328, "h\u00e2t": 351, "\u00e2ti": 150, "ndc": 285, "dco": 165, "hep": 179, "se\u00e0": 315, "en\u00ea": 154, "efl": 462, "flo": 186, "vez": 647, "mev": 391, "rca": 332, "cac": 332, "\u00e9at": 153, "ezd": 509, "jev": 755, "ppl": 524, "me\u00e0": 307, "e\u00e0r": 114, "jul": 126, "cef": 449, "put": 485, "cli": 323, "yqu": 179, "var": 499, "erj": 396, "rju": 152, "h\u00e9m": 104, "dma": 169, "uap": 151, "uxf": 419, "xfo": 115, "s\u00e9p": 673, "ilr": 465, "lre": 399, "\u00e8ss": 203, "afi": 700, "rcu": 339, "cus": 465, "ugu": 229, "ubr": 139, "pid": 209, "due": 605, "o\u00f9e": 192, "\u00f9el": 153, "eef": 101, "t\u00e0d": 321, "it\u00f4": 163, "t\u00f4t": 694, "\u00f4tl": 102, "atl": 187, "aro": 1110, "ex\u00e9": 378, "x\u00e9c": 394, "cra": 600, "ceg": 254, "bet": 143, "itn": 381, "xau": 197, "ucr": 195, "sev": 342, "snu": 142, "uld": 132, "ldo": 247, "ll\u00e9": 547, "gus": 130, "rv\u00e9": 198, "sho": 701, "me\u00e9": 181, "ns\u00e0": 390, "at\u00ea": 371, "tia": 215, "tt\u00e9": 278, "rlh": 110, "usm": 786, "ezr": 102, "zla": 144, "\u00e8br": 128, "cad": 501, "aud": 2322, "rpl": 424, "sez": 824, "ezs": 224, "xvo": 117, "eze": 290, "zen": 113, "osm": 154, "ngs": 158, "ezb": 126, "upu": 203, "tez": 296, "nfa": 1589, "fan": 905, "tme": 530, "nas": 375, "nez": 397, "ezp": 493, "zpa": 209, "pet": 1119, "rdl": 198, "och": 1148, "rob": 557, "fir": 334, "\u00e9ti": 955, "pur": 266, "l\u00e9e": 854, "odi": 319, "igi": 535, "h\u00e9s": 280, "sej": 264, "mma": 1000, "xdu": 263, "imi": 724, "sop": 336, "lfu": 193, "\u00e2tr": 350, "amp": 827, "mpu": 209, "ems": 216, "tm\u00ea": 260, "\u00e8sp": 167, "udo": 650, "unv": 343, "vul": 170, "ncr": 457, "xcu": 109, "usy": 126, "yav": 332, "fol": 140, "rs\u00e0": 257, "yer": 405, "rss": 835, "r\u00eam": 175, "utd": 999, "tad": 470, "svu": 139, "it\u00ea": 222, "\u00e0mo": 325, "arf": 392, "h\u00e9l": 205, "som": 819, "ido": 598, "sfe": 586, "uxi": 481, "rsf": 297, "lsl": 242, "ley": 121, "ul\u00e9": 255, "\u00e9to": 1314, "f\u00eat": 193, "i\u00e8v": 103, "\u00e8vr": 189, "m\u00eal": 162, "deh": 807, "ehu": 231, "rds": 528, "dsa": 153, "euf": 215, "ssc": 293, "erh": 182, "rhu": 150, "\u00e0pl": 134, "teh": 232, "el\u00e0": 344, "l\u00e0q": 111, "rdm": 121, "dsd": 380, "sbl": 189, "tl\u00e0": 291, "\u00e0en": 157, "unl": 290, "uxt": 427, "\u00e9eq": 326, "laa": 135, "om\u00e9": 143, "l\u00e0u": 120, "s\u00e9v": 345, "ual": 371, "ceb": 227, "\u00f9lo": 108, "npe": 1654, "r\u00e7o": 145, "\u00e7oi": 338, "deq": 748, "elq": 1867, "hed": 444, "uxp": 1165, "\u00e0ch": 250, "l\u00e9p": 380, "unp": 1692, "aja": 197, "ege": 419, "t\u00e9b": 148, "s\u00e9n": 184, "mbi": 315, "\u00e9lu": 219, "acq": 331, "cqu": 583, "ssy": 434, "lsi": 259, "lae": 287, "\u00e0se": 557, "arb": 694, "xil": 260, "ipi": 159, "ngo": 291, "v\u00e9s": 240, "\u00e9bi": 116, "neg": 551, "l\u00e9c": 502, "t\u00e0n": 105, "alb": 255, "lbe": 160, "ebi": 651, "zar": 132, "tut": 511, "npl": 648, "psi": 113, "ucl": 115, "clu": 428, "fre": 537, "etf": 461, "nfr": 608, "xso": 268, "soe": 274, "alf": 128, "jea": 392, "ana": 1177, "ony": 157, "nym": 112, "yme": 177, "mef": 458, "meb": 177, "tmm": 115, "fem": 1012, "hle": 145, "g\u00e9d": 329, "six": 308, "em\u00e9": 707, "dla": 199, "ief": 269, "fur": 360, "rps": 495, "hir": 250, "rur": 211, "tdh": 103, "oto": 156, "noc": 166, "oco": 118, "sud": 115, "fit": 756, "lh\u00f4": 235, "nm\u00ea": 205, "psq": 147, "\u00eata": 119, "tum": 316, "fi\u00e9": 211, "uxn": 227, "rth": 258, "onz": 147, "ouf": 508, "rty": 113, "tyr": 164, "yre": 235, "l\u00e9a": 174, "uev": 823, "th\u00e9": 563, "h\u00e9\u00e2": 215, "\u00e9\u00e2t": 216, "asb": 140, "oug": 424, "ug\u00e9": 213, "ef\u00fb": 129, "f\u00fbt": 232, "pec": 731, "ctd": 151, "reh": 430, "nae": 135, "lva": 151, "p\u00f4t": 125, "meh": 118, "seb": 225, "vig": 292, "gno": 575, "nol": 145, "y\u00e9e": 143, "ehi": 237, "n\u00e0l": 241, "emg": 115, "\u00e9cu": 634, "cut": 511, "cso": 126, "fix": 209, "utu": 429, "zel": 118, "itg": 195, "tgu": 123, "ef\u00e9": 123, "en\u00e7": 132, "xce": 596, "d\u00e9n": 138, "\u00e9no": 443, "on\u00e7": 166, "gin": 437, "qu\u00ea": 114, "u\u00eat": 148, "nay": 204, "geo": 514, "p\u00e9d": 166, "ipe": 808, "isf": 487, "fac": 950, "\u00e0fa": 278, "\u00f4ne": 136, "ndq": 142, "dqu": 279, "b\u00e9n": 179, "lpa": 452, "opo": 555, "sfu": 342, "onb": 404, "opa": 164, "uas": 130, "rml": 135, "psp": 126, "nfu": 269, "fui": 142, "sl\u00e9": 339, "ln\u00e9": 109, "als": 271, "tlo": 670, "ls\u00e9": 217, "t\u00e9u": 163, "kil": 101, "ilo": 714, "los": 285, "ilp": 921, "lpr": 284, "vat": 352, "bai": 370, "smu": 398, "lti": 254, "tip": 152, "iga": 351, "ltr": 210, "aes": 105, "stb": 321, "rru": 172, "opr": 472, "nbi": 163, "aue": 308, "dom": 430, "irt": 204, "neo": 369, "tfa": 1134, "rba": 238, "y\u00e9s": 164, "ezm": 404, "fab": 117, "bri": 762, "csd": 118, "obj": 347, "bje": 364, "rtb": 101, "ben": 210, "mau": 712, "uxr": 325, "boi": 499, "fle": 650, "ulp": 442, "epi": 748, "mac": 457, "hin": 486, "eer": 123, "\u00e9je": 154, "yad": 227, "yag": 237, "haq": 367, "s\u00e0u": 110, "vas": 330, "od\u00e9": 121, "ufr": 140, "emd": 339, "hos": 917, "nsh": 173, "iag": 154, "i\u00e8m": 431, "\u00e8me": 685, "dol": 152, "hec": 172, "doc": 384, "oct": 414, "sph": 327, "lip": 185, "ipp": 152, "pee": 144, "efd": 168, "uvi": 407, "b\u00e9i": 105, "eud": 1308, "euc": 188, "orn": 362, "lma": 383, "ove": 190, "u\u00e9l": 115, "l\u00e9d": 283, "aet": 213, "rtq": 196, "meo": 338, "ofi": 180, "ngi": 109, "eug": 153, "hel": 576, "jol": 201, "sfl": 280, "uth": 197, "bac": 141, "yon": 448, "upd": 442, "\u00e9do": 147, "xpe": 196, "nhe": 344, "hei": 141, "r\u00e9o": 108, "rjo": 155, "pil": 273, "cts": 165, "\u00e9ej": 107, "\u00e9ph": 138, "pho": 275, "rae": 166, "yet": 127, "igo": 186, "la\u00ef": 162, "llo": 937, "nbr": 202, "riq": 645, "ube": 384, "lur": 251, "eld": 645, "rdp": 151, "zde": 248, "l\u00e9v": 149, "go\u00fb": 423, "\u00fbt\u00e9": 118, "abb": 207, "bb\u00e9": 164, "npi": 205, "piq": 110, "ecd": 283, "xta": 131, "scu": 902, "\u00e0pe": 378, "ux\u00e9": 173, "ibo": 125, "mpd": 105, "pde": 480, "ct\u00e9": 155, "rsm": 522, "ilm": 597, "rst": 362, "blo": 264, "phy": 244, "hys": 257, "ysi": 298, "mna": 222, "ctr": 223, "cl\u00e9": 325, "xi\u00e8": 122, "fr\u00e8": 217, "r\u00e8r": 260, "euu": 103, "d\u00e9b": 403, "\u00e9ba": 246, "c\u00f4t": 578, "\u00f4t\u00e9": 487, "mca": 104, "tge": 146, "os\u00e9": 801, "ixc": 145, "xco": 420, "clo": 220, "loc": 478, "rdq": 102, "pab": 217, "ubo": 392, "pom": 102, "eua": 205, "lyo": 113, "iac": 192, "r\u00e0s": 199, "lst": 135, "v\u00e8r": 120, "say": 295, "utb": 150, "ndj": 139, "ntg": 378, "ueg": 110, "xar": 154, "ts\u00e9": 280, "e\u00e9p": 282, "n\u00e7o": 248, "jos": 157, "eph": 389, "rpu": 116, "csa": 117, "tu\u00e9": 237, "sic": 567, "t\u00e9v": 225, "\u00e9v\u00e9": 225, "v\u00e9n": 257, "lob": 333, "e\u00e0h": 105, "dos": 154, "luc": 142, "ep\u00e8": 143, "ur\u00e0": 258, "\u00e2ge": 198, "ouq": 149, "nua": 264, "iam": 123, "\u00e9gl": 276, "gli": 423, "tcl": 200, "xmo": 189, "ago": 187, "\u00e9tu": 532, "tci": 154, "ixp": 107, "anl": 243, "\u00e0ca": 121, "lid": 395, "fav": 342, "vor": 236, "v\u00e9d": 161, "mad": 1091, "t\u00e0m": 269, "uav": 350, "ogr": 388, "cde": 488, "dio": 279, "ioc": 164, "ocr": 182, "sue": 166, "cui": 280, "ut\u00e0": 337, "ugm": 179, "gme": 252, "nut": 345, "teb": 285, "\u00e2te": 347, "bro": 304, "pha": 369, "ogu": 102, "ssp": 184, "p\u00e9c": 286, "igr": 289, "ouu": 116, "tig": 284, "xcl": 117, "maj": 393, "jel": 665, "chu": 161, "e\u00e0c": 540, "rix": 374, "l\u00e9o": 197, "\u00e9on": 294, "re\u00e0": 1158, "cci": 184, "omt": 437, "mte": 422, "\u00e0me": 258, "arn": 425, "dha": 117, "si\u00e8": 461, "c\u00e9s": 216, "upi": 289, "imu": 113, "r\u00e0m": 127, "nsb": 253, "et\u00ea": 113, "mp\u00e9": 316, "erf": 456, "mic": 406, "yst": 342, "dge": 111, "or\u00e9": 269, "nba": 274, "aig": 509, "eii": 107, "jon": 103, "oth": 174, "obe": 252, "elc": 390, "rsg": 110, "xpi": 151, "pig": 103, "rlo": 456, "ael": 111, "mro": 106, "yvo": 110, "dss": 105, "tob": 376, "obt": 345, "bte": 270, "oim": 270, "an\u00e9": 223, "miq": 209, "doe": 138, "tof": 118, "mdu": 171, "l\u00e0c": 117, "ipu": 123, "urj": 300, "ipr": 523, "aav": 118, "eop": 158, "ubs": 174, "rfu": 103, "fum": 111, "icr": 147, "duf": 309, "pso": 103, "s\u00e0d": 199, "t\u00e0r": 101, "xda": 199, "eai": 675, "mab": 196, "amu": 226, "mus": 565, "asf": 158, "b\u00e2t": 111, "asj": 102, "dce": 141, "te\u00e9": 264, "eoi": 271, "jai": 777, "aip": 346, "yco": 147, "ti\u00e9": 254, "lsp": 263, "unn": 238, "ncl": 454, "\u00e0ro": 128, "uij": 132, "ije": 537, "aic": 284, "jen": 1254, "ury": 174, "imo": 510, "vee": 248, "ovi": 708, "jep": 379, "unb": 552, "bot": 114, "\u00fbtp": 157, "rha": 121, "has": 441, "oun": 129, "i\u00e8c": 378, "fas": 200, "sri": 388, "taf": 201, "sii": 200, "iil": 411, "sts": 459, "jec": 441, "tm\u00e9": 117, "bis": 134, "ehb": 159, "hbi": 157, "eth": 566, "tex": 638, "e\u00e0t": 278, "tl\u00e9": 259, "poq": 155, "ize": 150, "rdc": 115, "uja": 106, "e\u00e7o": 167, "l\u00e8t": 184, "umu": 128, "ecc": 239, "gep": 295, "\u00f4me": 140, "\u00fbte": 205, "ipt": 180, "inz": 105, "tsf": 165, "le\u00fb": 126, "\u00fbta": 106, "cma": 109, "aly": 150, "dab": 361, "eub": 121, "ciq": 103, "ne\u00fb": 128, "sm\u00ea": 441, "usb": 316, "osp": 397, "olt": 162, "lte": 467, "\u00e9s\u00e0": 299, "ay\u00e9": 133, "lvo": 261, "xac": 192, "nri": 450, "il\u00e0": 432, "arp": 286, "ec\u00f4": 183, "seg": 193, "asn": 143, "s\u00eat": 325, "nsj": 207, "ffl": 258, "nni": 404, "mp\u00ea": 235, "sij": 261, "jav": 234, "oij": 168, "emy": 101, "oc\u00e9": 163, "sml": 103, "\u00e0tr": 183, "opt": 197, "voe": 115, "rgr": 121, "s\u00e0c": 371, "\u00e9p\u00e9": 171, "yde": 223, "m\u00e8n": 164, "ndn": 162, "ueh": 102, "hoi": 434, "lof": 148, "di\u00e9": 106, "aiq": 146, "xes": 176, "sst": 202, "xte": 216, "ypo": 169, "but": 421, "\u00e9jo": 130, "utv": 400, "xen": 272, "r\u00e7u": 104, "siv": 464, "iod": 105, "ulc": 117, "eeu": 234, "oba": 174, "bab": 112, "dad": 224, "osl": 167, "pt\u00e9": 203, "maf": 190, "map": 254, "bst": 283, "jor": 273, "g\u00e9r": 140, "do\u00f9": 127, "ayo": 151, "ufo": 253, "xpa": 346, "lce": 208, "p\u00fbt": 102, "psl": 162, "\u00e8cl": 179, "udg": 110, "ofo": 260, "nip": 116, "pot": 176, "amn": 205, "mn\u00e9": 107, "vap": 137, "l\u00e9l": 282, "\u00e9ac": 138, "sys": 233, "t\u00e8m": 155, "pl\u00e9": 156, "niv": 292, "sg\u00e9": 159, "um\u00ea": 147, "tni": 206, "cev": 578, "\u00e9fl": 151, "hiq": 155, "mur": 282, "en\u00e0": 148, "leh": 312, "osd": 224, "afl": 107, "sh\u00e9": 143, "moc": 109, "elm": 270, "yle": 294, "jac": 175, "bau": 178, "i\u00e9c": 156, "sni": 282, "tga": 200, "gau": 420, "ib\u00e9": 158, "b\u00e9r": 188, "ogn": 176, "lly": 146, "mla": 212, "emh": 105, "cos": 184, "lr\u00e9": 123, "emc": 175, "mch": 101, "u\u00e0p": 122, "\u00e0po": 124, "jan": 211, "af\u00e9": 163, "tna": 318, "tth": 110, "anm": 120, "mco": 150, "mne": 106, "old": 273, "xno": 111, "\u00e0bo": 103, "thu": 118, "gim": 113, "eh\u00e9": 133, "noe": 139, "pi\u00e8": 219, "rfi": 151, "iap": 265, "utn": 134, "hat": 208, "ezq": 157, "zqu": 169, "dsu": 106, "lez": 378, "a\u00e0l": 108, "oc\u00e8": 152, "dpo": 132, "puy": 167, "uya": 110, "jed": 212, "\u00e0ve": 112, "mll": 164, "ifu": 129, "aia": 169, "rje": 454, "iad": 162, "pta": 221, "emu": 301, "sye": 570, "inp": 419, "rfe": 150, "pic": 185, "mda": 110, "br\u00e9": 116, "top": 105, "rbr": 361, "rtp": 301, "a\u00een": 257, "nha": 197, "eab": 219, "ch\u00e8": 140, "upt": 108, "fl\u00e9": 157, "ios": 125, "rsj": 222, "\u00e9bu": 123, "utf": 162, "ix\u00e9": 115, "ypr": 122, "tfi": 287, "xsu": 144, "alv": 111, "anv": 239, "sob": 428, "pun": 128, "e\u00e9g": 102, "rup": 151, "rpi": 243, "gon": 195, "ezu": 109, "zun": 107, "bse": 372, "afu": 111, "sc\u00e8": 233, "c\u00e8n": 233, "mys": 124, "tyl": 122, "ugi": 138, "gir": 238, "i\u00e9g": 116, "moe": 108, "abu": 134, "opl": 112, "nop": 123, "om\u00e8": 165, "zon": 130, "eah": 125, "pru": 353, "joi": 443, "geq": 259, "\u00e9pi": 266, "lsm": 114, "orb": 102, "r\u00e8v": 107, "t\u00e0v": 102, "\u00e0vo": 338, "irj": 125, "gor": 169, "ut\u00f4": 161, "tha": 228, "rah": 169, "ucd": 170, "eic": 171, "mol": 160, "hla": 110, "\u00e8sb": 176, "cca": 300, "lca": 137, "dda": 139, "eum": 142, "ce\u00e9": 107, "r\u00e9n": 105, "obs": 530, "\u00e9us": 158, "nt\u00f4": 330, "dno": 169, "ytr": 127, "\u00e9ja": 102, "h\u00e9n": 167, "yeu": 823, "dr\u00e9": 120, "ecp": 169, "typ": 143, "ype": 201, "apt": 134, "ptu": 201, "uxu": 128, "xun": 125, "urh": 146, "lub": 103, "cop": 162, "\u00eene": 186, "eds": 458, "nov": 147, "sot": 123, "chr": 254, "isx": 144, "oms": 130, "aho": 117, "\u00e9ab": 157, "e\u00e0v": 145, "naf": 153, "ob\u00e9": 123, "xci": 186, "zma": 105, "gei": 206, "eoc": 175, "obr": 158, "us\u00ea": 129, "as\u00e0": 213, "ilq": 182, "uxv": 281, "tc\u00e9": 107, "coi": 109, "fru": 146, "isg": 171, "ilj": 108, "lje": 126, "l\u00e2m": 158, "\u00e2me": 336, "eny": 130, "gul": 253, "xdo": 163, "lup": 130, "h\u00e8r": 135, "zmo": 180, "iex": 123, "stn": 147, "\u00e9\u00e0c": 112, "lfi": 121, "\u00e9g\u00e9": 145, "ncd": 108, "tfu": 129, "zlu": 107, "oce": 181, "pl\u00e8": 191, "tol": 133, "pss": 114, "ecq": 122, "tul": 169, "cpl": 130, "lud": 450, "p\u00e8c": 217, "s\u00e9g": 131, "euq": 150, "ivo": 612, "t\u00e9j": 111, "zce": 106, "fat": 221, "lsr": 123, "si\u00e9": 171, "hap": 419, "eob": 178, "sty": 173, "ncp": 127, "jal": 155, "r\u00e8g": 159, "tpi": 215, "pis": 170, "uab": 153, "ux\u00e0": 115, "oyo": 252, "t\u00e0f": 182, "nbu": 145, "oia": 180, "bue": 115, "naj": 128, "vii": 168, "edd": 159, "rcl": 164, "vad": 117, "lpt": 324, "luy": 174, "dag": 117, "g\u00e9l": 113, "cum": 101, "hri": 125, "jef": 198, "oip": 168, "cpa": 111, "j\u00e9t": 143, "tsj": 101, "ypa": 125, "ety": 116, "\u00e9gn": 118, "dsm": 111, "tui": 105, "ev\u00ea": 109, "dje": 122, "mav": 250, "veq": 134, "o\u00f9j": 106, "psa": 144, "a\u00efd": 130, "\u00efde": 135, "agl": 174, "lsq": 118, "irn": 140, "aiv": 116, "eem": 155, "ph\u00e9": 150, "avu": 185, "l\u00e0p": 117, "ss\u00e8": 104, "aib": 238, "pus": 136, "iba": 118, "pi\u00e9": 117, "ppu": 231, "ufe": 102, "jer": 225, "asv": 151, "tr\u00f4": 134, "r\u00f4n": 109, "av\u00e9": 353, "oei": 211, "mbu": 211, "paq": 125, "tbl": 109, "liz": 111, "dov": 360, "oib": 122, "no\u00ee": 102, "o\u00eet": 280, "ro\u00ee": 136, "bsc": 121, "s\u00e7a": 164, "ej\u00e9": 101, "hio": 171, "heq": 104, "oys": 112, "gnt": 107}